Company Name,Category,Headquarters (India),Employees (Approx),Key SaaS Tools/Platforms,SaaS Optimization Challenges,GOVERN-AI Solution Mapping
Tata Consultancy Services (TCS),Indian IT Services Giant,Mumbai,600000,Microsoft 365, Slack, Jira, Confluence, Salesforce, ServiceNow, Zoom, Teams, Copilot,"License sprawl across 55+ countries, bench resource waste, redundant collaboration tools","Cross-geography governance, automated license reclamation, AI tool optimization"
Infosys,Indian IT Services Giant,Bengaluru,330000,Microsoft Azure, AWS, Google Cloud, Salesforce, SAP, ServiceNow, Infosys Topaz,"AI tool sprawl, cloud subscription waste, client demo environment licenses","AI platform utilization tracking, cloud subscription optimization, project-based chargeback"
HCLTech,Indian IT Services Giant,Noida,220000,Microsoft 365, Jira, Confluence, Salesforce, SAP, Zoom, Teams, HCL DryIce,"Training platform licenses, development tool fragmentation, post-project license waste","Training license optimization, development tool consolidation, automated post-project reclamation"
Wipro,Indian IT Services Giant,Bengaluru,250000,ServiceNow, Salesforce, SAP, Microsoft Azure, AWS, Google Cloud, Zendesk, Wipro Holmes,"Cloud tool fragmentation, security tool duplication, cross-chargeback complexity","Unified cloud visibility, security tool consolidation, client project chargeback"
Tech Mahindra,Indian IT Services Giant,Pune,150000,Microsoft 365, Salesforce, SAP, ServiceNow, Teams, Zoom, Webex,"Post-acquisition tool duplicates, rapid scaling project tools, communication platform redundancy","M&A tool consolidation, project-based license optimization, communication stack rationalization"
LTIMindtree,Indian IT Services Giant,Mumbai,80000,Microsoft stack, Salesforce, SAP, ServiceNow, various BFSI tools, analytics platforms, RPA tools,"Post-merger tool redundancy, duplicate subscriptions, combined portfolio optimization","Post-merger integration governance, subscription consolidation, unified IT visibility"
Persistent Systems,Mid-Tier Indian IT Firm,Pune,23000,AWS, Azure, Google Cloud, Salesforce, MuleSoft, Tableau, Snowflake, Databricks, Jira, Confluence, GitHub,"Project-specific tool tracking, cloud credit optimization, underutilized engineering licenses","Vertical-specific dashboards, cloud credit analytics, engineering license optimization"
Coforge,Mid-Tier Indian IT Firm,Noida,22000,Snowflake, Salesforce, ServiceNow, AWS, Azure, Duck Creek, Sabre,"Vertical tool utilization, Snowflake cost optimization, travel tech redundancy","Vertical governance dashboards, cloud consumption analytics, travel tech consolidation"
Mphasis,Mid-Tier Indian IT Firm,Bengaluru,30000,AWS, Azure, Google Cloud, Salesforce Financial Services Cloud, Guidewire, Mphasis DeepInsights,"AI-led deal tool sprawl, insurance platform license optimization, development tool underutilization","AI tool ROI tracking, insurance license optimization, AI delivery governance"
KPIT Technologies,Mid-Tier Indian IT Firm,Pune,12000,MATLAB, Simulink, Vector tools, ETAS, AWS IoT, Azure IoT, Jira, Confluence, GitLab,"Expensive engineering license utilization, IoT platform consumption, redundant simulation tools","Engineering license optimization, IoT consumption analytics, simulation tool consolidation"
Tata Elxsi,Mid-Tier Indian IT Firm,Bengaluru,11000,Siemens NX, CATIA, AutoCAD, Adobe Creative Cloud, AWS, Azure, various media tools,"High-cost engineering license waste, creative tool underutilization, redundant design platforms","Capex/opx license analytics, creative tool optimization, design platform consolidation"
L&T Technology Services (LTTS),Mid-Tier Indian IT Firm,Vadodara,22000,Siemens PLM, Dassault Systèmes, Ansys, AWS, Azure, Google Cloud, PTC Windchill,"PLM/CAE license utilization, cloud consumption across projects, redundant engineering tools","R&D license optimization, project-based cloud tracking, engineering tool consolidation"
Cyient,Mid-Tier Indian IT Firm,Hyderabad,15000,ESRI ArcGIS, AutoCAD, Bentley Systems, ANSYS, Siemens NX, Microsoft stack, telecom OSS/BSS,"Specialized vertical tool licenses, geospatial platform utilization, cross-location redundancy","Vertical license optimization, geospatial analytics, location-based governance"
Zensar Technologies,Mid-Tier Indian IT Firm,Pune,10000,Microsoft stack, Salesforce, SAP, ServiceNow, AWS, Azure, Adobe Experience Cloud, Pega, Automation Anywhere, Jira, Confluence,"Shadow IT adoption, Salesforce/SAP license waste, redundant automation tools","Shadow IT detection, CRM/ERP optimization, automation tool consolidation"
Birlasoft,Mid-Tier Indian IT Firm,Noida,12000,Oracle Cloud, SAP, Salesforce, Microsoft Dynamics, AWS, Azure, MuleSoft, Tableau,"ERP instance utilization, cloud subscription waste, redundant client demo environments","ERP optimization, cloud cost governance, demo environment tracking"
Hexaware Technologies,Mid-Tier Indian IT Firm,Mumbai,25000,AWS, Azure, Google Cloud, Salesforce, ServiceNow, Pega, Automation Anywhere, Blue Prism, banking platforms,"Post-IPO tool sprawl, automation license optimization, redundant banking platforms","Scaling governance framework, automation tool consolidation, BFSI platform rationalization"
Tata Technologies,Mid-Tier Indian IT Firm,Pune,11000,Siemens NX, CATIA, Teamcenter, AutoCAD, AWS IoT, Azure IoT, PTC Windchill,"CAD/PLM license waste, IoT platform consumption, redundant engineering tools","Engineering license optimization, IoT analytics, manufacturing governance"
Sonata Software,Mid-Tier Indian IT Firm,Bengaluru,8000,Microsoft stack, AWS, Azure, Google Cloud, Salesforce Commerce Cloud, Adobe Experience Cloud, MuleSoft,"Microsoft license optimization, e-commerce platform waste, redundant digital experience tools","Microsoft licensing analytics, e-commerce tool consolidation, digital experience governance"
Newgen Software,Mid-Tier Indian IT Firm,Noida,4000,NewgenONE, AWS, Azure, Salesforce, banking platforms, RPA tools, document management,"Internal vs product license tracking, cloud consumption, redundant automation platforms","Product company governance, cloud cost optimization, automation rationalization"
Intellect Design Arena,Mid-Tier Indian IT Firm,Chennai,3500,eMACH.ai platform, AWS, Azure, banking tools, Jira, Confluence, GitHub, Jenkins, Docker, Kubernetes,"Cloud-native development tool licenses, AI platform utilization, redundant BFSI tools","Cloud-native governance, AI usage tracking, BFSI tool consolidation"
RateGain,Mid-Tier Indian IT Firm,Noida,2500,AWS, Azure, Google Cloud, Salesforce, Marketo, travel platforms, Jira, Confluence,"SaaS product development licenses, cloud consumption across product/services, redundant marketing tools","SaaS provider governance, cloud cost analytics, marketing tech consolidation"
BlackBuck,Indian Product/SaaS Company,Bengaluru,1500,AWS, Salesforce, HubSpot, Zendesk, Jira, Confluence, GitHub, logistics tools, analytics platforms,"Shadow IT in fast-growth, SaaS spend across departments, redundant logistics tools","Startup scaling governance, shadow IT detection, logistics tool consolidation"
MapmyIndia (C.E. Info Systems),Indian Product/SaaS Company,New Delhi,1200,AWS, Azure, ESRI ArcGIS, AutoCAD, Jira, Confluence, GitHub, Docker, Kubernetes, Mappls platform,"GIS tool licenses, cloud consumption for mapping, redundant geospatial tools","Geospatial governance, cloud cost optimization, GIS tool consolidation"
Microsoft India,Global MNC in India,Hyderabad,18000,Microsoft 365, GitHub, Teams, Dynamics 365, Power Platform, LinkedIn Sales Navigator, R&D engineering tools,"R&D tool licenses, AI platform utilization across IDC, redundant collaboration tools","R&D governance, AI usage tracking, collaboration stack consolidation"
Google India,Global MNC in India,Bengaluru,5000,Google Workspace, GCP, Salesforce, Marketo, Jira, engineering tools,"Siloed tool adoption across business units, Google Workspace licenses, redundant engineering platforms","Cross-functional governance, workspace license optimization, engineering tool consolidation"
Amazon India,Global MNC in India,Hyderabad,100000,AWS, Salesforce, Zendesk, logistics tools, engineering platforms, collaboration tools,"Unified visibility across verticals, AWS internal consumption, redundant tools across logistics/e-commerce","Cross-vertical governance, internal cloud cost tracking, logistics tool consolidation"
IBM India,Global MNC in India,Bengaluru,100000,IBM Cloud, Red Hat, Salesforce, ServiceNow, consulting tools, engineering platforms, Watson tools,"Research tool licenses, cloud consumption across services, redundant consulting tools","Research governance, cloud cost optimization, consulting tool rationalization"
Accenture India,Global MNC in India,Bengaluru,200000,myConcerto, ServiceNow, Salesforce, SAP, AWS, Azure, Google Cloud, client tools, collaboration platforms,"Delivery team tool licenses, project-specific tool utilization, redundant consulting platforms","Delivery governance, project-based license tracking, consulting tool consolidation"
Cognizant India,Global MNC in India,Chennai,200000,TriZetto, Salesforce, ServiceNow, AWS, Azure, banking platforms, collaboration tools, engineering platforms,"Healthcare vertical tool licenses, BFSI platform utilization, redundant delivery tools","Vertical governance, BFSI license optimization, delivery tool consolidation"
Oracle India,Global MNC in India,Bengaluru,40000,Oracle Cloud, Salesforce, NetSuite, engineering tools, JD Edwards, PeopleSoft,"Oracle Cloud internal consumption, database tool licenses, redundant engineering platforms","Internal cloud governance, database license optimization, engineering tool consolidation"
SAP Labs India,Global MNC in India,Bengaluru,15000,SAP Cloud Platform, Jira, Confluence, GitHub, engineering tools, collaboration platforms,"R&D tool licenses, cloud platform consumption, redundant engineering tools","Product company governance, cloud cost tracking, engineering tool consolidation"
VMware India,Global MNC in India,Bengaluru,10000,VMware Cloud, Slack, Jira, Confluence, GitHub, engineering tools, Salesforce, Marketo,"Engineering tool licenses, cloud platform consumption, redundant collaboration tools","Multi-cloud governance, collaboration tool optimization, engineering license tracking"
Salesforce India,Global MNC in India,Hyderabad,7000,Salesforce, Slack, Tableau, MuleSoft, Jira, Confluence, GitHub, engineering tools,"Internal Salesforce license utilization, Slack consumption, redundant CRM tools","Dogfooding governance, collaboration analytics, CRM tool consolidation"
Adobe India,Global MNC in India,Noida,8000,Adobe Creative Cloud, Adobe Experience Cloud, Workfront, Jira, Confluence, GitHub, engineering tools,"Creative tool licenses, cloud platform consumption, redundant marketing tools","Creative cloud governance, cloud cost optimization, marketing tech consolidation"
Intel India,Global MNC in India,Bengaluru,10000,Cadence, Synopsys, Mentor Graphics, EDA tools, Jira, Confluence, GitHub, collaboration platforms,"Expensive EDA tool licenses, engineering platform utilization, redundant design tools","Semiconductor governance, EDA license optimization, design tool consolidation"
Texas Instruments India,Global MNC in India,Bengaluru,2500,Cadence, Synopsys, MATLAB, Simulink, EDA tools, Jira, Confluence, GitHub, embedded tools,"Analog design tool licenses, embedded platform utilization, redundant engineering tools","Semiconductor governance, analog license optimization, embedded tool consolidation"
Freshworks,Indian Product/SaaS Company,Chennai,5000,Freshworks products, Salesforce, Marketo, Zendesk, Jira, Confluence, GitHub, AWS, engineering tools,"Internal product usage vs paid tools, R&D license utilization, redundant SaaS tools","SaaS creator governance, internal product adoption tracking, R&D license optimization"
Zoho Corporation,Indian Product/SaaS Company,Chennai,15000,Zoho products, AWS, engineering tools, collaboration platforms, internal systems,"Internal Zoho product utilization, cloud consumption, gaps where external tools needed","Dogfooding governance, cloud cost optimization, external tool gap analysis"
Druva,Indian Product/SaaS Company,Pune,1500,AWS, Salesforce, Marketo, Zendesk, Jira, Confluence, GitHub, security tools, collaboration platforms,"Cloud consumption costs, R&D tool licenses, redundant security tools","Data protection governance, cloud cost optimization, security tool consolidation"
Postman,Indian Product/SaaS Company,Bengaluru,1000,AWS, Salesforce, Marketo, Zendesk, GitHub, Slack, Jira, Confluence, developer tools,"Developer tool licenses, cloud consumption, redundant API tools","Developer-first governance, cloud cost analytics, API tool consolidation"
BrowserStack,Indian Product/SaaS Company,Mumbai,1000,AWS, Azure, Salesforce, Marketo, Zendesk, Jira, Confluence, GitHub, testing tools, collaboration platforms,"Infrastructure costs, R&D tool licenses, redundant testing tools","Testing platform governance, infrastructure cost optimization, testing tool consolidation"
Chargebee,Indian Product/SaaS Company,Chennai,1200,AWS, Salesforce, Marketo, Zendesk, Jira, Confluence, GitHub, fintech tools, collaboration platforms,"Cloud consumption, subscription tool licenses, redundant fintech platforms","Subscription governance, cloud cost tracking, fintech tool consolidation"
Razorpay,Indian Product/SaaS Company,Bengaluru,2000,AWS, Salesforce, HubSpot, Zendesk, Jira, Confluence, GitHub, fintech tools, collaboration platforms,"Shadow IT in fast-growth fintech, SaaS spend across departments, redundant payment tools","Startup scaling governance, shadow IT detection, fintech tool consolidation"
CRED,Indian Product/SaaS Company,Bengaluru,1200,AWS, Salesforce, HubSpot, Figma, Adobe Creative Cloud, Jira, Confluence, GitHub, analytics tools,"Design tool licenses, cloud consumption, redundant marketing platforms","Fintech governance, design license optimization, marketing tech consolidation"
Unacademy,Indian Product/SaaS Company,Bengaluru,3000,AWS, Salesforce, HubSpot, Zendesk, Adobe Creative Cloud, Jira, Confluence, GitHub, edtech tools,"Cost optimization in rationalization phase, content tool licenses, cloud consumption","Edtech governance, content tool optimization, cloud cost tracking"
Swiggy,Indian Product/SaaS Company,Bengaluru,6000,AWS, Salesforce, HubSpot, Zendesk, Jira, Confluence, GitHub, logistics tools, collaboration platforms,"Logistics tool licenses, cloud consumption, redundant delivery platforms","Hyperlocal commerce governance, logistics tool optimization, cloud cost analytics"
Ola,Indian Product/SaaS Company,Bengaluru,3000,AWS, Salesforce, HubSpot, Zendesk, Jira, Confluence, GitHub, automotive engineering tools, collaboration platforms,"Cross-industry tool complexity, automotive tool licenses, cloud consumption","Mobility & manufacturing governance, automotive license optimization, cloud cost tracking"
Ola Electric,Indian Product/SaaS Company,Bengaluru,2000,CATIA, Siemens NX, AWS, Salesforce, HubSpot, Jira, Confluence, GitHub, manufacturing tools,"Manufacturing vs tech tool licenses, cloud consumption, redundant automotive platforms","EV governance, manufacturing license optimization, cloud cost analytics"
Boeing India,GIC,Bengaluru,3000,Engineering tools, PLM, CAD, collaboration platforms, AWS, Azure,"GIC tool licenses, parent-subsidiary tool conflicts, research tool optimization","Cross-border governance, GIC-specific dashboards, research license optimization"
GE India Technology Centre,GIC,Bengaluru,5000,Engineering tools, PLM, CAD, IoT platforms, collaboration tools, AWS, Azure,"GIC tool sprawl, engineering license utilization, IoT platform consumption","GIC governance, engineering license optimization, IoT consumption tracking"
Honeywell Technology Solutions,GIC,Bengaluru,15000,Engineering tools, CAD, PLM, IoT platforms, collaboration tools, AWS, Azure,"Large GIC tool complexity, engineering license waste, redundant design platforms","GIC governance, design license optimization, IoT platform consolidation"
Philips Innovation Campus,GIC,Bengaluru,3000,Medical software tools, CAD, PLM, collaboration platforms, AWS, Azure,"Healthcare tool licenses, R&D platform utilization, redundant engineering tools","Healthcare governance, R&D license optimization, engineering tool consolidation"
Airbus India,GIC,Bengaluru,1500,Aerospace engineering tools, CAD, PLM, collaboration platforms, AWS, Azure,"Aerospace tool licenses, GIC tool management, redundant engineering platforms","Aerospace governance, engineering license optimization, tool consolidation"
Dell EMC India,GIC,Bengaluru,20000,Engineering tools, CAD, PLM, collaboration platforms, AWS, Azure, Salesforce,"Large GIC tool sprawl, engineering license waste, redundant collaboration tools","GIC governance, engineering license optimization, collaboration stack consolidation"
Cisco India,GIC,Bengaluru,10000,Networking tools, engineering platforms, collaboration tools, AWS, Azure, Salesforce,"GIC tool complexity, networking software licenses, redundant engineering tools","Networking governance, software license optimization, engineering tool consolidation"
Qualcomm India,GIC,Bengaluru,5000,Chip design tools (EDA), engineering platforms, collaboration tools, AWS, Azure,"EDA tool licenses, semiconductor R&D tool utilization, redundant design platforms","Semiconductor governance, EDA license optimization, design tool consolidation"
NVIDIA India,GIC,Bengaluru,3000,AI/ML platforms, engineering tools, collaboration platforms, AWS, Azure, GPU tools,"AI tool licenses, engineering platform utilization, redundant AI platforms","AI governance, engineering license optimization, AI platform consolidation"
ARM India,GIC,Bengaluru,2000,Chip design tools, engineering platforms, collaboration tools, AWS, Azure,"Semiconductor tool licenses, engineering platform utilization, redundant design tools","Semiconductor governance, engineering license optimization, design tool consolidation"
Samsung R&D India,GIC,Noida,10000,Engineering tools, CAD, PLM, collaboration platforms, AWS, Azure, Android tools,"Large GIC tool sprawl, engineering license waste, redundant mobile development tools","GIC governance, engineering license optimization, mobile tool consolidation"
LG Soft India,GIC,Bengaluru,2000,Engineering tools, CAD, PLM, collaboration platforms, AWS, Azure, IoT tools,"Consumer electronics tool licenses, engineering platform utilization, redundant IoT tools","Electronics governance, engineering license optimization, IoT tool consolidation"
Sony India Software Centre,GIC,Bengaluru,2000,Media software tools, engineering platforms, collaboration tools, AWS, Azure, creative tools,"Media tool licenses, creative platform utilization, redundant engineering tools","Media governance, creative license optimization, engineering tool consolidation"
Panasonic India R&D,GIC,Bengaluru,1500,Engineering tools, CAD, PLM, collaboration platforms, AWS, Azure, IoT tools,"Electronics tool licenses, engineering platform utilization, redundant IoT tools","Electronics governance, engineering license optimization, IoT tool consolidation"
Bosch India,GIC,Bengaluru,15000,Engineering tools, CAD, PLM, IoT platforms, collaboration tools, AWS, Azure,"Large GIC tool sprawl, engineering license waste, redundant IoT platforms","GIC governance, engineering license optimization, IoT platform consolidation"
Continental Automotive India,GIC,Bengaluru,5000,Automotive engineering tools, CAD, PLM, collaboration platforms, AWS, Azure, IoT tools,"Automotive tool licenses, engineering platform utilization, redundant IoT tools","Automotive governance, engineering license optimization, IoT tool consolidation"
BYJU'S,Unicorn / Edtech,Bengaluru,20000,AWS, Salesforce, HubSpot, Zendesk, Adobe Creative Cloud, Jira, Confluence, GitHub, edtech tools,"Edtech tool sprawl, content tool licenses, cloud consumption","Edtech governance, content tool optimization, cloud cost tracking"
PhonePe,Unicorn / Fintech,Bengaluru,3000,AWS, Salesforce, HubSpot, Zendesk, Jira, Confluence, GitHub, fintech tools, collaboration platforms,"Fintech shadow IT, SaaS spend across departments, redundant payment tools","Startup scaling governance, shadow IT detection, fintech tool consolidation"
Pine Labs,Unicorn / Fintech,Noida,3000,AWS, Salesforce, HubSpot, Zendesk, Jira, Confluence, GitHub, fintech tools, collaboration platforms,"Fintech tool sprawl, cloud consumption, redundant payment platforms","Fintech governance, cloud cost optimization, payment tool consolidation"
BillDesk,Unicorn / Fintech,Mumbai,1500,AWS, Salesforce, HubSpot, Zendesk, Jira, Confluence, GitHub, fintech tools, collaboration platforms,"Legacy fintech tool optimization, cloud consumption, redundant payment tools","Fintech governance, cloud cost tracking, payment tool consolidation"
FirstCry,Unicorn / E-commerce,Pune,3000,AWS, Salesforce, HubSpot, Zendesk, Jira, Confluence, GitHub, e-commerce tools, collaboration platforms,"E-commerce tool sprawl, logistics platform licenses, cloud consumption","E-commerce governance, logistics tool optimization, cloud cost analytics"
Nykaa,Unicorn / E-commerce,Mumbai,2500,AWS, Salesforce, HubSpot, Zendesk, Jira, Confluence, GitHub, e-commerce tools, Adobe Creative Cloud,"Beauty e-commerce tool licenses, creative platform utilization, cloud consumption","E-commerce governance, creative license optimization, cloud cost tracking"
PolicyBazaar,Unicorn / Insurtech,Gurgaon,4000,AWS, Salesforce, HubSpot, Zendesk, Jira, Confluence, GitHub, insurance platforms, collaboration tools,"Insurtech tool sprawl, insurance license utilization, cloud consumption","Insurtech governance, insurance license optimization, cloud cost analytics"
Zeta,Unicorn / Fintech,Bengaluru,1200,AWS, Salesforce, HubSpot, Zendesk, Jira, Confluence, GitHub, fintech tools, collaboration platforms,"Fintech shadow IT, cloud consumption, redundant banking platforms","Fintech governance, cloud cost optimization, banking tool consolidation"
OYO,Unicorn / Hospitality,Gurgaon,5000,AWS, Salesforce, HubSpot, Zendesk, Jira, Confluence, GitHub, hospitality platforms, collaboration tools,"Hospitality tool sprawl, property management licenses, cloud consumption","Hospitality governance, PMS license optimization, cloud cost tracking"
Dream11,Unicorn / Gaming,Mumbai,1500,AWS, Salesforce, HubSpot, Zendesk, Jira, Confluence, GitHub, gaming platforms, collaboration tools,"Gaming tool licenses, cloud consumption, redundant gaming platforms","Gaming governance, cloud cost analytics, gaming tool consolidation"
Lenskart,Unicorn / E-commerce,Gurgaon,5000,AWS, Salesforce, HubSpot, Zendesk, Jira, Confluence, GitHub, e-commerce tools, Adobe Creative Cloud,"E-commerce tool sprawl, creative platform licenses, cloud consumption","E-commerce governance, creative license optimization, cloud cost tracking"
CarDekho,Unicorn / Auto Tech,Jaipur,3000,AWS, Salesforce, HubSpot, Zendesk, Jira, Confluence, GitHub, auto platforms, collaboration tools,"Auto tech tool licenses, cloud consumption, redundant automotive platforms","Auto tech governance, cloud cost optimization, automotive tool consolidation"
Urban Company,Unicorn / Home Services,Gurgaon,2000,AWS, Salesforce, HubSpot, Zendesk, Jira, Confluence, GitHub, service platforms, collaboration tools,"Home services tool licenses, cloud consumption, redundant service platforms","Home services governance, cloud cost analytics, service tool consolidation"